displayName,email,password
Alexa Yu,alexa@greatcompany.com,abc123
Ben Santos,bens@greatcompany.com,abc123
Carla Ramos,carla@greatcompany.com,abc123
Dennis Cruz,dennis@greatcompany.com,abc123
Franco Baltar,franco@greatcompany.com,abc123
Grace Lim,grace@greatcompany.com,abc123
Harold Ong,harold@greatcompany.com,abc123
Ivy Domingo,ivy@greatcompany.com,abc123
James Navarro,james@greatcompany.com,abc123
Erika Tan,erika@greatcompany.com,abc123
